{
  "project_info": {
    "project_number": "1009845747902",
    "firebase_url": "https://uprank-student.firebaseio.com",
    "project_id": "uprank-student",
    "storage_bucket": "uprank-student.appspot.com"
  },
  "client": [
    {
      "client_info": {
        "mobilesdk_app_id": "1:1009845747902:android:17e7f75c5423f884931eef",
        "android_client_info": {
          "package_name": "com.uprank.uprank_student"
        }
      },
      "oauth_client": [
        {
          "client_id": "1009845747902-djqnn5ka6sb6ip1i5eqqodof2ul9ifmr.apps.googleusercontent.com",
          "client_type": 3
        }
      ],
      "api_key": [
        {
          "current_key": "AIzaSyDJJkm3_TIsHjCdYLBcX3YidZlgcHmJ9Wc"
        }
      ],
      "services": {
        "appinvite_service": {
          "other_platform_oauth_client": [
            {
              "client_id": "1009845747902-djqnn5ka6sb6ip1i5eqqodof2ul9ifmr.apps.googleusercontent.com",
              "client_type": 3
            }
          ]
        }
      }
    }
  ],
  "configuration_version": "1"
}